{"results": [[0.5508679999999977, 0.4006900000000009, 0.4234989999999996], [0.5963709999999978, 0.5565670000000011, 0.555733999999994], [0.6991820000000004, 0.6474890000000002, 0.6374670000000009], [1.366850999999997, 1.3020530000000008, 1.3191610000000082], [3.187860999999998, 3.1919320000000084, 3.551499000000007], [9.887539000000004, 10.508444999999995, 9.571871999999985], [40.107087999999976, 42.137426000000005, 40.42792600000007]], "sizes": [16, 64, 256, 1024, 4096, 16384, 65536], "betas": [0.99, 0.98, 0.97], "dateset": "pdfrate"}