{"counts": [10000, 100000], "data": [[0.9343354105949402, 0.9334400296211243, 0.9350394010543823, 0.9333388805389404, 0.9327146410942078, 0.9368124604225159, 0.9375293254852295, 0.9365146160125732, 0.9344428181648254, 0.9292049407958984, 0.9341725707054138, 0.9309957027435303, 0.9330507516860962, 0.9352403283119202, 0.9352002143859863, 0.9370501637458801, 0.9330599308013916, 0.9350765943527222, 0.9316980242729187, 0.9340634346008301, 0.9297626614570618, 0.9315245151519775, 0.9320463538169861, 0.9305413365364075, 0.9305883646011353, 0.9353418350219727, 0.9302957057952881, 0.9295898079872131, 0.929764449596405, 0.9340119957923889, 0.9328709244728088, 0.9316769242286682, 0.9270981550216675, 0.9319061040878296, 0.9307776093482971, 0.9293251037597656, 0.931513786315918, 0.9318732619285583, 0.9348395466804504, 0.9328411221504211, 0.9364109039306641, 0.9306268095970154, 0.9327319860458374, 0.9360758066177368, 0.9344658851623535, 0.9280411601066589, 0.9315599799156189, 0.9333266019821167], [0.9931645393371582, 0.9928982853889465, 0.9926047921180725, 0.9931328892707825, 0.9928263425827026, 0.9928857088088989, 0.9928314685821533, 0.9925161600112915, 0.9931193590164185, 0.9926660656929016, 0.9934969544410706, 0.9929927587509155, 0.9927164912223816, 0.9926988482475281, 0.9926621913909912, 0.992909848690033, 0.992133617401123, 0.9920206665992737, 0.9923861026763916, 0.9925297498703003, 0.9923776984214783, 0.9923329949378967, 0.9922663569450378, 0.9922633767127991, 0.9923431873321533, 0.991697371006012, 0.991669774055481, 0.9924831986427307, 0.9922230839729309, 0.9923535585403442, 0.9921851754188538, 0.9928153157234192, 0.992801308631897, 0.9931612610816956, 0.9917764067649841, 0.9930380582809448, 0.9925844669342041, 0.9927365183830261, 0.9925349354743958, 0.9927403330802917, 0.9926798343658447, 0.9928121566772461, 0.9926118850708008, 0.9928179979324341, 0.9927281141281128, 0.9925634860992432, 0.9923219680786133, 0.9933947324752808]]}