{"counts": [800000], "data": [[0.9991178512573242, 0.9991368055343628, 0.999062180519104, 0.9991362690925598, 0.999100387096405, 0.9990983605384827, 0.9991229176521301, 0.9991117119789124, 0.9991400837898254, 0.9990798234939575, 0.9991181492805481, 0.9991058707237244, 0.9991088509559631, 0.9991241693496704, 0.9991563558578491, 0.9991501569747925]]}